{
    "root_group": {
        "checks": {
            "order status is 200": {
                "name": "order status is 200",
                "path": "::order status is 200",
                "id": "d8da883af64441c27624dc258deedae1",
                "passes": 9515,
                "fails": 5
            },
            "order has X-Instance-Id": {
                "id": "6980a372cad3c8a81e1059b064d1d9a0",
                "passes": 9520,
                "fails": 0,
                "name": "order has X-Instance-Id",
                "path": "::order has X-Instance-Id"
            }
        },
        "name": "",
        "path": "",
        "id": "d41d8cd98f00b204e9800998ecf8427e",
        "groups": {}
    },
    "metrics": {
        "data_received": {
            "count": 21863633,
            "rate": 72867.75739672003
        },
        "http_req_duration{expected_response:true}": {
            "max": 18760.19928,
            "p(90)": 5977.2705584,
            "p(95)": 6264.4015803,
            "avg": 1616.2533342362071,
            "min": 2.813957,
            "med": 21.279062
        },
        "http_req_receiving": {
            "min": 0.01507,
            "med": 0.11137,
            "max": 47.005341,
            "p(90)": 0.23247600000000002,
            "p(95)": 0.32704799999999995,
            "avg": 0.15490669601996945
        },
        "http_req_failed": {
            "passes": 5,
            "fails": 28839,
            "value": 0.0001733462765219803
        },
        "idempotency_replay_attempts": {
            "count": 535,
            "rate": 1.783063693359892
        },
        "iteration_duration": {
            "avg": 4997.841006613154,
            "min": 120.957099,
            "med": 5992.4199055,
            "max": 18895.273285,
            "p(90)": 6585.657398,
            "p(95)": 6791.4707719
        },
        "http_req_duration": {
            "min": 2.813957,
            "med": 21.277284,
            "max": 18760.19928,
            "p(90)": 5977.2421551,
            "p(95)": 6264.350545099999,
            "avg": 1615.9750632269788
        },
        "http_req_duration{name:order_create}": {
            "avg": 23.32947598438586,
            "min": 2.813957,
            "med": 21.334304,
            "max": 363.787874,
            "p(90)": 33.125440400000016,
            "p(95)": 41.29388379999999,
            "thresholds": {
                "p(99)<1500": false
            }
        },
        "http_req_tls_handshaking": {
            "avg": 0,
            "min": 0,
            "med": 0,
            "max": 0,
            "p(90)": 0,
            "p(95)": 0
        },
        "checks": {
            "passes": 19035,
            "fails": 5,
            "value": 0.9997373949579832
        },
        "http_req_sending": {
            "avg": 0.032960745007627204,
            "min": 0.005921,
            "med": 0.028145,
            "max": 8.113471,
            "p(90)": 0.052368300000000007,
            "p(95)": 0.058823
        },
        "iterations": {
            "count": 9520,
            "rate": 31.728535253805926
        },
        "http_reqs": {
            "count": 28844,
            "rate": 96.13212929209855
        },
        "http_req_waiting": {
            "med": 21.082967,
            "max": 18760.11104,
            "p(90)": 5977.1281122,
            "p(95)": 6263.9408742,
            "avg": 1615.7871957859468,
            "min": 2.729484
        },
        "data_sent": {
            "count": 13640036,
            "rate": 45459.91208919979
        },
        "instance_hits": {
            "count": 19040,
            "rate": 63.45707050761185
        },
        "order_create_latency": {
            "max": 363.787874,
            "p(90)": 33.7249514,
            "p(95)": 41.873886,
            "avg": 24.370193848739508,
            "min": 7.297844,
            "med": 21.687693
        },
        "http_req_connecting": {
            "avg": 0.004715957391485228,
            "min": 0,
            "med": 0,
            "max": 51.164721,
            "p(90)": 0,
            "p(95)": 0
        },
        "http_req_failed{name:order_create}": {
            "passes": 5,
            "fails": 10050,
            "thresholds": {
                "rate<0.01": false
            },
            "value": 0.0004972650422675286
        },
        "http_req_blocked": {
            "p(95)": 0.006102,
            "avg": 0.008993434891138562,
            "min": 0.000571,
            "med": 0.002875,
            "max": 51.286047,
            "p(90)": 0.00515
        },
        "vus": {
            "value": 1,
            "min": 1,
            "max": 200
        },
        "vus_max": {
            "max": 200,
            "value": 200,
            "min": 200
        }
    }
}