{
  "experiment": "E1",
  "timestamp": "2026-05-27T01:15:41.931Z",
  "order_create": {
    "count": 29506,
    "duration_p95": 28.360939,
    "failed_rate": 0.0009745638826625085
  },
  "idempotency": {
    "replays_attempted": 489,
    "violations": 0
  },
  "full_metrics": {
    "iteration_duration": {
      "contains": "time",
      "values": {
        "avg": 4866.383696566577,
        "min": 117.274151,
        "med": 5908.587113,
        "max": 17617.130848,
        "p(90)": 6294.903207,
        "p(95)": 6390.635081
      },
      "type": "trend"
    },
    "vus": {
      "type": "gauge",
      "contains": "default",
      "values": {
        "max": 200,
        "value": 2,
        "min": 1
      }
    },
    "http_req_tls_handshaking": {
      "type": "trend",
      "contains": "time",
      "values": {
        "min": 0,
        "med": 0,
        "max": 0,
        "p(90)": 0,
        "p(95)": 0,
        "avg": 0
      }
    },
    "http_req_failed": {
      "type": "rate",
      "contains": "default",
      "values": {
        "passes": 10,
        "fails": 29496,
        "rate": 0.0003389141191622043
      }
    },
    "http_req_sending": {
      "type": "trend",
      "contains": "time",
      "values": {
        "min": -1.89959,
        "med": 0.0292965,
        "max": 6.275094,
        "p(90)": 0.052812,
        "p(95)": 0.059755,
        "avg": 0.032827313766691665
      }
    },
    "order_create_latency": {
      "values": {
        "min": 7.697639,
        "med": 19.121192999999998,
        "max": 564.29458,
        "p(90)": 25.469642699999998,
        "p(95)": 28.546110049999978,
        "avg": 20.724696194637687
      },
      "type": "trend",
      "contains": "time"
    },
    "http_req_duration": {
      "values": {
        "min": 2.705888,
        "med": 18.884787,
        "max": 17493.5523,
        "p(90)": 5968.074624,
        "p(95)": 6078.259933,
        "avg": 1578.189219255836
      },
      "type": "trend",
      "contains": "time"
    },
    "vus_max": {
      "type": "gauge",
      "contains": "default",
      "values": {
        "value": 200,
        "min": 200,
        "max": 200
      }
    },
    "http_req_connecting": {
      "type": "trend",
      "contains": "time",
      "values": {
        "max": 49.380163,
        "p(90)": 0,
        "p(95)": 0,
        "avg": 0.0049356215346031285,
        "min": 0,
        "med": 0
      }
    },
    "http_req_duration{name:order_create}": {
      "values": {
        "max": 564.29458,
        "p(90)": 25.255791,
        "p(95)": 28.360939,
        "avg": 19.998153166552903,
        "min": 2.705888,
        "med": 18.905169
      },
      "thresholds": {
        "p(99)<1500": {
          "ok": true
        }
      },
      "type": "trend",
      "contains": "time"
    },
    "http_req_blocked": {
      "type": "trend",
      "contains": "time",
      "values": {
        "p(95)": 0.006442,
        "avg": 0.00921851809801385,
        "min": 0.000481,
        "med": 0.002976,
        "max": 49.48768,
        "p(90)": 0.00536
      }
    },
    "data_received": {
      "type": "counter",
      "contains": "data",
      "values": {
        "count": 22401088,
        "rate": 74648.64725632103
      }
    },
    "http_req_waiting": {
      "type": "trend",
      "contains": "time",
      "values": {
        "avg": 1577.9908274471725,
        "min": 2.474891,
        "med": 18.686584500000002,
        "max": 17493.432851,
        "p(90)": 5967.9243635,
        "p(95)": 6078.1176675
      }
    },
    "http_req_failed{name:order_create}": {
      "type": "rate",
      "contains": "default",
      "values": {
        "rate": 0.0009745638826625085,
        "passes": 10,
        "fails": 10251
      },
      "thresholds": {
        "rate<0.01": {
          "ok": true
        }
      }
    },
    "data_sent": {
      "type": "counter",
      "contains": "data",
      "values": {
        "count": 13953275,
        "rate": 46497.43367578588
      }
    },
    "http_req_duration{expected_response:true}": {
      "type": "trend",
      "contains": "time",
      "values": {
        "p(95)": 6078.277592750001,
        "avg": 1578.72037611092,
        "min": 2.705888,
        "med": 18.8908085,
        "max": 17493.5523,
        "p(90)": 5968.095171
      }
    },
    "http_req_receiving": {
      "type": "trend",
      "contains": "time",
      "values": {
        "avg": 0.16556449491628866,
        "min": 0.016752,
        "med": 0.1179375,
        "max": 33.865185,
        "p(90)": 0.2690765,
        "p(95)": 0.369538
      }
    },
    "idempotency_replay_attempts": {
      "type": "counter",
      "contains": "default",
      "values": {
        "count": 489,
        "rate": 1.629527481358985
      }
    },
    "http_reqs": {
      "type": "counter",
      "contains": "default",
      "values": {
        "count": 29506,
        "rate": 98.3248218097714
      }
    },
    "instance_hits": {
      "type": "counter",
      "contains": "default",
      "values": {
        "count": 9772,
        "rate": 32.56389069087935
      }
    },
    "iterations": {
      "type": "counter",
      "contains": "default",
      "values": {
        "count": 9771,
        "rate": 32.5605583238418
      }
    },
    "checks": {
      "type": "rate",
      "contains": "default",
      "values": {
        "passes": 19534,
        "fails": 10,
        "rate": 0.9994883340155546
      }
    }
  }
}