{
    "metrics": {
        "http_req_blocked": {
            "p(90)": 0.00511,
            "p(95)": 0.006192,
            "avg": 0.00801928734261098,
            "min": 0.000591,
            "med": 0.002806,
            "max": 33.761279
        },
        "http_req_duration{name:order_create}": {
            "avg": 17.945854802063856,
            "min": 1.429379,
            "med": 18.03076,
            "max": 131.535782,
            "p(90)": 23.4523696,
            "p(95)": 25.5373315,
            "thresholds": {
                "p(99)<1500": false
            }
        },
        "iterations": {
            "count": 10146,
            "rate": 33.80699066104173
        },
        "http_req_receiving": {
            "max": 12.771924,
            "p(90)": 0.25175710000000007,
            "p(95)": 0.33252449999999995,
            "avg": 0.15419556590457192,
            "min": 0.017073,
            "med": 0.1122815
        },
        "vus": {
            "value": 1,
            "min": 1,
            "max": 200
        },
        "http_req_waiting": {
            "p(90)": 5774.574139,
            "p(95)": 5892.90131395,
            "avg": 1534.3626279297218,
            "min": 1.370605,
            "med": 17.796055000000003,
            "max": 20065.512417
        },
        "http_req_tls_handshaking": {
            "med": 0,
            "max": 0,
            "p(90)": 0,
            "p(95)": 0,
            "avg": 0,
            "min": 0
        },
        "http_req_failed{name:order_create}": {
            "passes": 304,
            "fails": 9871,
            "thresholds": {
                "rate<0.01": true
            },
            "value": 0.029877149877149876
        },
        "http_req_failed": {
            "passes": 796,
            "fails": 29384,
            "value": 0.02637508283631544
        },
        "http_req_duration{expected_response:true}": {
            "med": 18.330368999999997,
            "max": 20065.581911,
            "p(90)": 5776.4593681,
            "p(95)": 5949.72937195,
            "avg": 1576.0226367267596,
            "min": 2.753794
        },
        "instance_hits": {
            "count": 9654,
            "rate": 32.167621510121904
        },
        "iteration_duration": {
            "med": 5716.978963,
            "max": 20201.72837,
            "p(90)": 6104.789016,
            "p(95)": 6204.7165402499995,
            "avg": 4685.608079072062,
            "min": 110.191538
        },
        "http_req_connecting": {
            "min": 0,
            "med": 0,
            "max": 33.674091,
            "p(90)": 0,
            "p(95)": 0,
            "avg": 0.004088877833001986
        },
        "order_create_latency": {
            "med": 18.264657,
            "max": 131.535782,
            "p(90)": 23.606997100000005,
            "p(95)": 25.663708750000012,
            "avg": 18.63278686896621,
            "min": 1.429379
        },
        "idempotency_replay_attempts": {
            "count": 521,
            "rate": 1.7359986333927402
        },
        "duplicate_order_responses": {
            "count": 16,
            "rate": 0.053312817916091826
        },
        "http_reqs": {
            "count": 30180,
            "rate": 100.56130279422821
        },
        "http_req_sending": {
            "avg": 0.03112487352551381,
            "min": 0.005922,
            "med": 0.02835,
            "max": 1.648261,
            "p(90)": 0.051219,
            "p(95)": 0.05729005
        },
        "checks": {
            "passes": 18730,
            "fails": 578,
            "value": 0.9700642220841103
        },
        "http_req_duration": {
            "min": 1.429379,
            "med": 17.9717115,
            "max": 20065.581911,
            "p(90)": 5774.694222200001,
            "p(95)": 5893.0342043,
            "avg": 1534.5479483691554
        },
        "data_sent": {
            "count": 14181525,
            "rate": 47253.56625609401
        },
        "vus_max": {
            "value": 200,
            "min": 200,
            "max": 200
        },
        "data_received": {
            "count": 22682603,
            "rate": 75579.5927251249
        }
    },
    "root_group": {
        "name": "",
        "path": "",
        "id": "d41d8cd98f00b204e9800998ecf8427e",
        "groups": {},
        "checks": {
                "order status is 200": {
                    "name": "order status is 200",
                    "path": "::order status is 200",
                    "id": "d8da883af64441c27624dc258deedae1",
                    "passes": 9361,
                    "fails": 293
                },
                "order has X-Instance-Id": {
                    "name": "order has X-Instance-Id",
                    "path": "::order has X-Instance-Id",
                    "id": "6980a372cad3c8a81e1059b064d1d9a0",
                    "passes": 9369,
                    "fails": 285
                }
            }
    }
}