{
    "root_group": {
        "name": "",
        "path": "",
        "id": "d41d8cd98f00b204e9800998ecf8427e",
        "groups": {},
        "checks": {
                "order status is 200": {
                    "passes": 8323,
                    "fails": 266,
                    "name": "order status is 200",
                    "path": "::order status is 200",
                    "id": "d8da883af64441c27624dc258deedae1"
                },
                "order has X-Instance-Id": {
                    "name": "order has X-Instance-Id",
                    "path": "::order has X-Instance-Id",
                    "id": "6980a372cad3c8a81e1059b064d1d9a0",
                    "passes": 8329,
                    "fails": 260
                }
            }
    },
    "metrics": {
        "iterations": {
            "count": 9033,
            "rate": 30.110542537175334
        },
        "order_create_latency": {
            "avg": 19.30295935312609,
            "min": 1.790123,
            "med": 18.484909,
            "max": 146.507433,
            "p(90)": 25.2586254,
            "p(95)": 27.961033399999998
        },
        "vus_max": {
            "max": 200,
            "value": 200,
            "min": 200
        },
        "idempotency_replay_attempts": {
            "count": 432,
            "rate": 1.4400259466467116
        },
        "http_req_tls_handshaking": {
            "avg": 0,
            "min": 0,
            "med": 0,
            "max": 0,
            "p(90)": 0,
            "p(95)": 0
        },
        "http_req_failed{name:order_create}": {
            "passes": 279,
            "fails": 8742,
            "thresholds": {
                "rate<0.01": true
            },
            "value": 0.030927835051546393
        },
        "http_req_failed": {
            "passes": 723,
            "fails": 26131,
            "value": 0.026923363372309526
        },
        "http_req_blocked": {
            "avg": 0.008287897147538569,
            "min": 0.000581,
            "med": 0.002765,
            "max": 34.131658,
            "p(90)": 0.004759,
            "p(95)": 0.005511
        },
        "http_req_connecting": {
            "p(90)": 0,
            "p(95)": 0,
            "avg": 0.004180519028822523,
            "min": 0,
            "med": 0,
            "max": 34.029556
        },
        "instance_hits": {
            "rate": 28.630515869788436,
            "count": 8589
        },
        "vus": {
            "max": 200,
            "value": 2,
            "min": 1
        },
        "checks": {
            "passes": 16652,
            "fails": 526,
            "value": 0.9693794388170917
        },
        "http_req_sending": {
            "avg": 0.030641752290161806,
            "min": 0.006252,
            "med": 0.024297,
            "max": 7.325216,
            "p(90)": 0.050445300000000005,
            "p(95)": 0.05709279999999999
        },
        "http_req_waiting": {
            "min": 1.650451,
            "med": 18.061508000000003,
            "max": 18778.644902,
            "p(90)": 6380.2656683,
            "p(95)": 6586.93325505,
            "avg": 1731.1216708868994
        },
        "http_req_duration{expected_response:true}": {
            "min": 2.933534,
            "med": 18.614609,
            "max": 18778.761476,
            "p(90)": 6382.879871,
            "p(95)": 6597.1920900000005,
            "avg": 1779.0947679732565
        },
        "duplicate_order_responses": {
            "count": 8,
            "rate": 0.026667147160124288
        },
        "http_reqs": {
            "count": 26854,
            "rate": 89.5149462297472
        },
        "data_sent": {
            "count": 12603460,
            "rate": 42012.29031834251
        },
        "iteration_duration": {
            "p(90)": 6802.974475399999,
            "p(95)": 6903.0118538,
            "avg": 5268.6881475892715,
            "min": 113.343268,
            "med": 6398.935998,
            "max": 18907.846369
        },
        "http_req_duration{name:order_create}": {
            "avg": 18.60906323301188,
            "min": 1.790123,
            "med": 18.266709,
            "max": 146.507433,
            "p(90)": 25.13381,
            "p(95)": 27.656445,
            "thresholds": {
                "p(99)<1500": false
            }
        },
        "http_req_duration": {
            "avg": 1731.3052695471126,
            "min": 1.76407,
            "med": 18.245049,
            "max": 18778.761476,
            "p(90)": 6380.4079093,
            "p(95)": 6587.0505861
        },
        "data_received": {
            "count": 19684385,
            "rate": 65615.7989439429
        },
        "http_req_receiving": {
            "avg": 0.15295690790943528,
            "min": 0.017816,
            "med": 0.110318,
            "max": 63.876954,
            "p(90)": 0.25788320000000003,
            "p(95)": 0.33862344999999994
        }
    }
}