{
    "root_group": {
        "groups": {},
        "checks": {
                "order status is 200": {
                    "path": "::order status is 200",
                    "id": "d8da883af64441c27624dc258deedae1",
                    "passes": 8849,
                    "fails": 159,
                    "name": "order status is 200"
                },
                "order has X-Instance-Id": {
                    "fails": 156,
                    "name": "order has X-Instance-Id",
                    "path": "::order has X-Instance-Id",
                    "id": "6980a372cad3c8a81e1059b064d1d9a0",
                    "passes": 8852
                }
            },
        "name": "",
        "path": "",
        "id": "d41d8cd98f00b204e9800998ecf8427e"
    },
    "metrics": {
        "http_reqs": {
            "count": 28081,
            "rate": 93.57161532576961
        },
        "iterations": {
            "count": 9424,
            "rate": 31.402688751470848
        },
        "vus_max": {
            "value": 200,
            "min": 200,
            "max": 200
        },
        "idempotency_replay_attempts": {
            "count": 455,
            "rate": 1.5161527357724145
        },
        "http_req_duration{name:order_create}": {
            "avg": 35.831776626545356,
            "min": 1.954319,
            "med": 18.799845,
            "max": 3334.036801,
            "p(90)": 25.527183400000002,
            "p(95)": 28.783359199999996,
            "thresholds": {
                "p(99)<1500": false
            }
        },
        "data_sent": {
            "count": 13187400,
            "rate": 43943.1045884069
        },
        "instance_hits": {
            "count": 9008,
            "rate": 30.016491964478924
        },
        "http_req_failed": {
            "passes": 584,
            "fails": 27497,
            "value": 0.020796980164524054
        },
        "http_req_waiting": {
            "min": 1.871169,
            "med": 18.910349,
            "max": 17268.253952,
            "p(90)": 5975.1084,
            "p(95)": 6155.506248,
            "avg": 1653.37010559941
        },
        "data_received": {
            "count": 20829819,
            "rate": 69409.20233515213
        },
        "iteration_duration": {
            "min": 119.172291,
            "med": 5915.9145775,
            "max": 17402.650889,
            "p(90)": 6311.2414785,
            "p(95)": 6496.8059569,
            "avg": 5046.479759481544
        },
        "checks": {
            "passes": 17701,
            "fails": 315,
            "value": 0.9825155417406749
        },
        "http_req_connecting": {
            "avg": 0.004031564652255977,
            "min": 0,
            "med": 0,
            "max": 32.876391,
            "p(90)": 0,
            "p(95)": 0
        },
        "http_req_duration{expected_response:true}": {
            "p(90)": 5976.6876272,
            "p(95)": 6158.1110192,
            "avg": 1663.883053377347,
            "min": 2.905606,
            "med": 19.008371,
            "max": 17268.398892
        },
        "http_req_sending": {
            "p(95)": 0.059686,
            "avg": 0.03326293155514431,
            "min": 0.005841,
            "med": 0.029908,
            "max": 8.773939,
            "p(90)": 0.052903
        },
        "vus": {
            "value": 1,
            "min": 1,
            "max": 200
        },
        "duplicate_order_responses": {
            "count": 1,
            "rate": 0.003332203814884428
        },
        "http_req_blocked": {
            "avg": 0.008507829991809369,
            "min": 0.000471,
            "med": 0.002956,
            "max": 32.975463,
            "p(90)": 0.005401,
            "p(95)": 0.006522
        },
        "http_req_tls_handshaking": {
            "avg": 0,
            "min": 0,
            "med": 0,
            "max": 0,
            "p(90)": 0,
            "p(95)": 0
        },
        "order_create_latency": {
            "avg": 35.73659851332116,
            "min": 1.954319,
            "med": 19.062281499999997,
            "max": 3334.036801,
            "p(90)": 25.6780943,
            "p(95)": 28.890299949999992
        },
        "http_req_duration": {
            "avg": 1653.559918844302,
            "min": 1.954319,
            "med": 19.102926,
            "max": 17268.398892,
            "p(90)": 5975.340906,
            "p(95)": 6155.707966
        },
        "http_req_failed{name:order_create}": {
            "passes": 168,
            "fails": 9295,
            "thresholds": {
                "rate<0.01": true
            },
            "value": 0.01775335517277819
        },
        "http_req_receiving": {
            "med": 0.116044,
            "max": 30.652622,
            "p(90)": 0.258865,
            "p(95)": 0.338754,
            "avg": 0.15655031334354202,
            "min": 0.010801
        }
    }
}